Employee_ID,Name,Department,Position,Age,Location
101,Employee_1,Marketing,Manager,44,New York
102,Employee_2,HR,Coordinator,49,Chicago
103,Employee_3,IT,Coordinator,46,Chicago
104,Employee_4,IT,Analyst,37,New York
105,Employee_5,Marketing,Coordinator,43,San Francisco
106,Employee_6,HR,Coordinator,36,San Francisco
107,Employee_7,HR,Analyst,43,Los Angeles
108,Employee_8,IT,Developer,36,New York
109,Employee_9,Finance,Coordinator,33,Los Angeles
110,Employee_10,IT,Analyst,31,Los Angeles
111,Employee_11,IT,Manager,52,Los Angeles
112,Employee_12,IT,Developer,38,San Francisco
113,Employee_13,IT,Manager,55,New York
114,Employee_14,Marketing,Manager,43,Los Angeles
115,Employee_15,HR,Analyst,40,New York
116,Employee_16,Marketing,Coordinator,29,New York
117,Employee_17,Marketing,Analyst,59,San Francisco
118,Employee_18,Marketing,Analyst,36,Los Angeles
119,Employee_19,IT,Analyst,49,Los Angeles
120,Employee_20,Finance,Analyst,45,New York
121,Employee_21,HR,Developer,47,Chicago
122,Employee_22,Finance,Coordinator,40,San Francisco
123,Employee_23,Marketing,Manager,38,San Francisco
124,Employee_24,Marketing,Manager,55,San Francisco
125,Employee_25,Finance,Coordinator,29,San Francisco
126,Employee_26,Finance,Manager,59,Los Angeles
127,Employee_27,Finance,Coordinator,47,Los Angeles
128,Employee_28,Marketing,Manager,53,Chicago
129,Employee_29,Marketing,Analyst,35,San Francisco
130,Employee_30,HR,Manager,42,San Francisco
131,Employee_31,HR,Coordinator,36,New York
132,Employee_32,Marketing,Coordinator,33,Los Angeles
133,Employee_33,Finance,Coordinator,34,San Francisco
134,Employee_34,Finance,Coordinator,41,Chicago
135,Employee_35,HR,Coordinator,31,Chicago
136,Employee_36,Marketing,Developer,37,Los Angeles
137,Employee_37,HR,Developer,33,Chicago
138,Employee_38,HR,Manager,51,Chicago
139,Employee_39,IT,Coordinator,26,Los Angeles
140,Employee_40,IT,Manager,29,San Francisco
141,Employee_41,IT,Coordinator,53,San Francisco
142,Employee_42,Finance,Coordinator,43,Chicago
143,Employee_43,Marketing,Developer,32,Chicago
144,Employee_44,Marketing,Developer,25,San Francisco
145,Employee_45,Marketing,Analyst,46,Los Angeles
146,Employee_46,Marketing,Developer,41,Chicago
147,Employee_47,IT,Analyst,31,New York
148,Employee_48,Finance,Analyst,49,Los Angeles
149,Employee_49,Finance,Analyst,28,Chicago
150,Employee_50,IT,Analyst,30,Chicago
151,Employee_51,Finance,Analyst,55,New York
152,Employee_52,IT,Manager,43,New York
153,Employee_53,Marketing,Developer,51,San Francisco
154,Employee_54,IT,Analyst,34,Los Angeles
155,Employee_55,Marketing,Coordinator,50,Los Angeles
156,Employee_56,Marketing,Developer,43,San Francisco
157,Employee_57,HR,Developer,27,Los Angeles
158,Employee_58,IT,Analyst,37,Los Angeles
159,Employee_59,HR,Manager,52,Los Angeles
160,Employee_60,IT,Analyst,44,Los Angeles
161,Employee_61,IT,Manager,52,Los Angeles
162,Employee_62,HR,Coordinator,32,New York
163,Employee_63,HR,Developer,25,Los Angeles
164,Employee_64,IT,Coordinator,27,New York
165,Employee_65,Finance,Manager,37,Los Angeles
166,Employee_66,Marketing,Manager,52,San Francisco
167,Employee_67,HR,Coordinator,49,Chicago
168,Employee_68,Marketing,Manager,57,New York
169,Employee_69,Finance,Coordinator,30,Los Angeles
170,Employee_70,Finance,Developer,56,San Francisco
171,Employee_71,Finance,Coordinator,45,Chicago
172,Employee_72,HR,Developer,40,New York
173,Employee_73,Finance,Coordinator,45,Chicago
174,Employee_74,HR,Manager,35,San Francisco
175,Employee_75,Finance,Coordinator,59,New York
176,Employee_76,Marketing,Manager,43,Chicago
177,Employee_77,Marketing,Coordinator,44,Los Angeles
178,Employee_78,IT,Coordinator,42,New York
179,Employee_79,Marketing,Analyst,38,Chicago
180,Employee_80,IT,Manager,39,San Francisco
181,Employee_81,Marketing,Analyst,55,San Francisco
182,Employee_82,HR,Manager,25,New York
183,Employee_83,Marketing,Analyst,27,Chicago
184,Employee_84,IT,Developer,40,New York
185,Employee_85,IT,Coordinator,47,New York
186,Employee_86,Finance,Manager,35,Chicago
187,Employee_87,HR,Manager,36,Chicago
188,Employee_88,Marketing,Coordinator,34,Los Angeles
189,Employee_89,Finance,Manager,56,Chicago
190,Employee_90,Marketing,Manager,40,San Francisco
191,Employee_91,Marketing,Analyst,32,New York
192,Employee_92,Finance,Manager,36,New York
193,Employee_93,Finance,Developer,48,San Francisco
194,Employee_94,Finance,Developer,52,Chicago
195,Employee_95,Finance,Coordinator,32,San Francisco
196,Employee_96,Finance,Manager,52,San Francisco
197,Employee_97,Marketing,Coordinator,50,Los Angeles
198,Employee_98,Finance,Developer,32,San Francisco
199,Employee_99,HR,Manager,52,New York
200,Employee_100,IT,Manager,52,San Francisco
201,Employee_101,Finance,Coordinator,51,New York
202,Employee_102,Finance,Developer,41,New York
203,Employee_103,Marketing,Manager,33,New York
204,Employee_104,Finance,Coordinator,57,Chicago
205,Employee_105,Finance,Developer,44,Los Angeles
206,Employee_106,Finance,Coordinator,37,New York
207,Employee_107,Marketing,Analyst,52,New York
208,Employee_108,Finance,Manager,53,Chicago
209,Employee_109,IT,Analyst,37,New York
210,Employee_110,Marketing,Developer,59,San Francisco
211,Employee_111,IT,Analyst,30,San Francisco
212,Employee_112,Marketing,Analyst,42,Los Angeles
213,Employee_113,Finance,Developer,29,New York
214,Employee_114,IT,Coordinator,49,Chicago
215,Employee_115,Marketing,Analyst,26,San Francisco
216,Employee_116,HR,Coordinator,34,Chicago
217,Employee_117,Finance,Analyst,54,Chicago
218,Employee_118,Marketing,Coordinator,29,San Francisco
219,Employee_119,HR,Developer,57,Chicago
220,Employee_120,Marketing,Analyst,25,San Francisco
221,Employee_121,HR,Developer,42,Chicago
222,Employee_122,Finance,Analyst,56,San Francisco
223,Employee_123,IT,Developer,35,New York
224,Employee_124,HR,Developer,45,Los Angeles
225,Employee_125,Marketing,Analyst,50,San Francisco
226,Employee_126,Finance,Analyst,49,San Francisco
227,Employee_127,HR,Analyst,46,Los Angeles
228,Employee_128,Marketing,Manager,51,San Francisco
229,Employee_129,Marketing,Coordinator,37,San Francisco
230,Employee_130,Marketing,Manager,57,Chicago
231,Employee_131,HR,Manager,58,Los Angeles
232,Employee_132,HR,Developer,59,New York
233,Employee_133,HR,Analyst,25,San Francisco
234,Employee_134,IT,Coordinator,45,Los Angeles
235,Employee_135,HR,Developer,30,Chicago
236,Employee_136,HR,Manager,52,New York
237,Employee_137,HR,Analyst,41,Los Angeles
238,Employee_138,IT,Developer,29,New York
239,Employee_139,HR,Analyst,55,New York
240,Employee_140,Marketing,Developer,29,New York
241,Employee_141,HR,Analyst,27,San Francisco
242,Employee_142,Marketing,Manager,47,San Francisco
243,Employee_143,Marketing,Coordinator,34,Chicago
244,Employee_144,Marketing,Manager,34,Chicago
245,Employee_145,IT,Coordinator,43,Los Angeles
246,Employee_146,IT,Analyst,41,Chicago
247,Employee_147,IT,Developer,45,New York
248,Employee_148,HR,Manager,38,New York
249,Employee_149,Marketing,Coordinator,33,San Francisco
250,Employee_150,IT,Manager,25,New York
251,Employee_151,IT,Coordinator,37,Los Angeles
252,Employee_152,HR,Manager,28,New York
253,Employee_153,IT,Coordinator,25,New York
254,Employee_154,HR,Coordinator,56,Los Angeles
255,Employee_155,Finance,Analyst,58,Chicago
256,Employee_156,IT,Coordinator,52,Chicago
257,Employee_157,Finance,Analyst,55,Los Angeles
258,Employee_158,HR,Coordinator,32,San Francisco
259,Employee_159,Marketing,Developer,50,New York
260,Employee_160,IT,Developer,58,Los Angeles
261,Employee_161,HR,Developer,27,New York
262,Employee_162,Marketing,Coordinator,36,San Francisco
263,Employee_163,Marketing,Analyst,25,New York
264,Employee_164,Finance,Analyst,29,Los Angeles
265,Employee_165,HR,Coordinator,54,New York
266,Employee_166,Marketing,Developer,54,Chicago
267,Employee_167,IT,Developer,41,San Francisco
268,Employee_168,IT,Analyst,47,San Francisco
269,Employee_169,Finance,Developer,39,San Francisco
270,Employee_170,Marketing,Manager,45,Los Angeles
271,Employee_171,HR,Analyst,38,San Francisco
272,Employee_172,IT,Developer,26,Chicago
273,Employee_173,Marketing,Analyst,35,Los Angeles
274,Employee_174,Marketing,Manager,58,Chicago
275,Employee_175,Finance,Analyst,58,New York
276,Employee_176,IT,Analyst,42,New York
277,Employee_177,IT,Analyst,54,New York
278,Employee_178,HR,Analyst,39,New York
279,Employee_179,IT,Manager,51,Chicago
280,Employee_180,HR,Coordinator,58,Los Angeles
281,Employee_181,IT,Analyst,57,Los Angeles
282,Employee_182,Finance,Analyst,48,San Francisco
283,Employee_183,IT,Developer,39,Chicago
284,Employee_184,HR,Analyst,54,New York
285,Employee_185,HR,Developer,41,Chicago
286,Employee_186,Finance,Coordinator,29,San Francisco
287,Employee_187,IT,Manager,53,San Francisco
288,Employee_188,IT,Manager,28,Chicago
289,Employee_189,Finance,Coordinator,34,Chicago
290,Employee_190,IT,Manager,41,Chicago
291,Employee_191,IT,Coordinator,34,Los Angeles
292,Employee_192,HR,Coordinator,41,New York
293,Employee_193,IT,Coordinator,44,Chicago
294,Employee_194,IT,Manager,48,Chicago
295,Employee_195,Finance,Developer,29,Chicago
296,Employee_196,Finance,Coordinator,58,San Francisco
297,Employee_197,Marketing,Analyst,30,San Francisco
298,Employee_198,HR,Manager,26,Los Angeles
299,Employee_199,IT,Coordinator,37,New York
300,Employee_200,IT,Coordinator,35,Los Angeles
301,Employee_201,Marketing,Analyst,47,New York
302,Employee_202,IT,Developer,40,San Francisco
303,Employee_203,HR,Developer,55,San Francisco
304,Employee_204,Marketing,Developer,35,San Francisco
305,Employee_205,HR,Coordinator,40,Los Angeles
306,Employee_206,Marketing,Coordinator,32,Chicago
307,Employee_207,Marketing,Coordinator,28,Chicago
308,Employee_208,Finance,Manager,28,San Francisco
309,Employee_209,HR,Analyst,49,Chicago
310,Employee_210,IT,Coordinator,27,Chicago
311,Employee_211,IT,Analyst,56,Los Angeles
312,Employee_212,HR,Analyst,27,New York
313,Employee_213,IT,Developer,51,San Francisco
314,Employee_214,IT,Manager,53,San Francisco
315,Employee_215,HR,Coordinator,56,Los Angeles
316,Employee_216,Marketing,Developer,43,Los Angeles
317,Employee_217,HR,Developer,45,Chicago
318,Employee_218,Marketing,Coordinator,29,San Francisco
319,Employee_219,IT,Analyst,42,New York
320,Employee_220,IT,Developer,52,Los Angeles
321,Employee_221,IT,Analyst,46,New York
322,Employee_222,Finance,Manager,45,New York
323,Employee_223,Marketing,Analyst,30,San Francisco
324,Employee_224,Finance,Manager,25,San Francisco
325,Employee_225,Finance,Analyst,29,Los Angeles
326,Employee_226,HR,Developer,36,San Francisco
327,Employee_227,Finance,Developer,50,San Francisco
328,Employee_228,HR,Manager,58,San Francisco
329,Employee_229,HR,Coordinator,38,New York
330,Employee_230,Finance,Manager,50,Los Angeles
331,Employee_231,Marketing,Manager,51,Chicago
332,Employee_232,Marketing,Analyst,33,New York
333,Employee_233,Marketing,Analyst,50,San Francisco
334,Employee_234,Marketing,Manager,46,New York
335,Employee_235,Marketing,Developer,54,San Francisco
336,Employee_236,Finance,Analyst,41,San Francisco
337,Employee_237,Finance,Coordinator,50,New York
338,Employee_238,IT,Analyst,25,Los Angeles
339,Employee_239,Marketing,Analyst,32,San Francisco
340,Employee_240,Finance,Coordinator,59,Los Angeles
341,Employee_241,IT,Manager,39,Chicago
342,Employee_242,Marketing,Coordinator,46,San Francisco
343,Employee_243,HR,Manager,38,Los Angeles
344,Employee_244,IT,Manager,50,Los Angeles
345,Employee_245,Finance,Manager,52,Chicago
346,Employee_246,HR,Coordinator,47,Los Angeles
347,Employee_247,HR,Manager,38,Los Angeles
348,Employee_248,HR,Developer,48,Chicago
349,Employee_249,IT,Coordinator,26,San Francisco
350,Employee_250,Finance,Developer,50,Los Angeles
351,Employee_251,HR,Manager,38,Los Angeles
352,Employee_252,Marketing,Analyst,31,Los Angeles
353,Employee_253,HR,Manager,27,New York
354,Employee_254,HR,Developer,47,Chicago
355,Employee_255,IT,Developer,42,New York
356,Employee_256,IT,Coordinator,59,Chicago
357,Employee_257,Finance,Analyst,39,San Francisco
358,Employee_258,Marketing,Coordinator,49,San Francisco
359,Employee_259,IT,Developer,52,Los Angeles
360,Employee_260,HR,Manager,34,Chicago
361,Employee_261,Finance,Analyst,41,San Francisco
362,Employee_262,HR,Manager,46,Chicago
363,Employee_263,HR,Manager,50,San Francisco
364,Employee_264,IT,Analyst,49,New York
365,Employee_265,Finance,Coordinator,41,San Francisco
366,Employee_266,Marketing,Manager,37,New York
367,Employee_267,Marketing,Developer,44,San Francisco
368,Employee_268,IT,Manager,49,Los Angeles
369,Employee_269,IT,Analyst,28,New York
370,Employee_270,Finance,Analyst,34,San Francisco
371,Employee_271,Marketing,Analyst,27,Los Angeles
372,Employee_272,Marketing,Coordinator,42,New York
373,Employee_273,Marketing,Manager,46,Los Angeles
374,Employee_274,HR,Coordinator,58,Chicago
375,Employee_275,Marketing,Coordinator,32,Chicago
376,Employee_276,HR,Analyst,43,New York
377,Employee_277,Finance,Analyst,30,San Francisco
378,Employee_278,HR,Coordinator,50,New York
379,Employee_279,Finance,Manager,58,Los Angeles
380,Employee_280,Marketing,Developer,30,San Francisco
381,Employee_281,Marketing,Coordinator,57,Chicago
382,Employee_282,Finance,Manager,46,San Francisco
383,Employee_283,IT,Analyst,45,Chicago
384,Employee_284,Finance,Analyst,30,San Francisco
385,Employee_285,IT,Manager,30,San Francisco
386,Employee_286,HR,Developer,28,San Francisco
387,Employee_287,HR,Analyst,54,Los Angeles
388,Employee_288,HR,Analyst,35,Los Angeles
389,Employee_289,Marketing,Analyst,54,New York
390,Employee_290,HR,Manager,55,New York
391,Employee_291,IT,Coordinator,48,Chicago
392,Employee_292,HR,Analyst,33,Los Angeles
393,Employee_293,Finance,Coordinator,27,Chicago
394,Employee_294,Finance,Developer,55,New York
395,Employee_295,Marketing,Analyst,48,Chicago
396,Employee_296,Finance,Analyst,55,New York
397,Employee_297,IT,Developer,30,Los Angeles
398,Employee_298,HR,Analyst,26,San Francisco
399,Employee_299,Marketing,Coordinator,44,Los Angeles
400,Employee_300,HR,Manager,52,Chicago
401,Employee_301,HR,Coordinator,35,Chicago
402,Employee_302,IT,Manager,28,Los Angeles
403,Employee_303,Finance,Manager,39,Los Angeles
404,Employee_304,Finance,Coordinator,30,New York
405,Employee_305,HR,Coordinator,54,Chicago
406,Employee_306,Marketing,Coordinator,26,Chicago
407,Employee_307,Finance,Coordinator,39,Los Angeles
408,Employee_308,Marketing,Developer,35,San Francisco
409,Employee_309,Finance,Analyst,32,Chicago
410,Employee_310,Marketing,Manager,50,San Francisco
411,Employee_311,IT,Coordinator,29,Los Angeles
412,Employee_312,Marketing,Coordinator,30,Los Angeles
413,Employee_313,IT,Coordinator,50,New York
414,Employee_314,IT,Developer,28,Chicago
415,Employee_315,Marketing,Coordinator,43,San Francisco
416,Employee_316,IT,Coordinator,44,New York
417,Employee_317,HR,Coordinator,57,Chicago
418,Employee_318,IT,Analyst,44,New York
419,Employee_319,Finance,Developer,36,Los Angeles
420,Employee_320,Marketing,Coordinator,25,Chicago
421,Employee_321,HR,Manager,50,New York
422,Employee_322,Marketing,Manager,38,New York
423,Employee_323,Finance,Manager,35,San Francisco
424,Employee_324,Finance,Developer,37,New York
425,Employee_325,Finance,Developer,27,Chicago
426,Employee_326,IT,Manager,57,Chicago
427,Employee_327,IT,Coordinator,30,San Francisco
428,Employee_328,Marketing,Developer,34,Chicago
429,Employee_329,Marketing,Manager,29,Los Angeles
430,Employee_330,HR,Manager,47,Chicago
431,Employee_331,HR,Coordinator,34,Chicago
432,Employee_332,Marketing,Analyst,26,New York
433,Employee_333,IT,Developer,37,New York
434,Employee_334,Finance,Coordinator,26,Chicago
435,Employee_335,Marketing,Manager,44,San Francisco
436,Employee_336,HR,Manager,25,New York
437,Employee_337,IT,Coordinator,33,San Francisco
438,Employee_338,Marketing,Developer,41,Chicago
439,Employee_339,Marketing,Analyst,33,Chicago
440,Employee_340,IT,Analyst,35,Los Angeles
441,Employee_341,Marketing,Manager,39,New York
442,Employee_342,IT,Developer,48,Chicago
443,Employee_343,Finance,Analyst,59,Los Angeles
444,Employee_344,IT,Developer,54,New York
445,Employee_345,IT,Developer,55,Chicago
446,Employee_346,IT,Manager,29,Chicago
447,Employee_347,Marketing,Analyst,38,New York
448,Employee_348,Marketing,Coordinator,35,New York
449,Employee_349,IT,Manager,33,New York
450,Employee_350,Marketing,Analyst,58,Chicago
451,Employee_351,HR,Analyst,36,Chicago
452,Employee_352,HR,Analyst,59,Los Angeles
453,Employee_353,Marketing,Analyst,59,San Francisco
454,Employee_354,Marketing,Analyst,25,New York
455,Employee_355,IT,Developer,46,Chicago
456,Employee_356,Finance,Manager,53,Chicago
457,Employee_357,Marketing,Developer,32,New York
458,Employee_358,HR,Coordinator,35,San Francisco
459,Employee_359,IT,Analyst,38,New York
460,Employee_360,Marketing,Manager,54,San Francisco
461,Employee_361,HR,Analyst,59,Chicago
462,Employee_362,HR,Manager,45,San Francisco
463,Employee_363,Finance,Developer,29,Los Angeles
464,Employee_364,IT,Manager,43,Chicago
465,Employee_365,IT,Coordinator,38,Los Angeles
466,Employee_366,Finance,Coordinator,50,New York
467,Employee_367,Finance,Manager,28,New York
468,Employee_368,IT,Manager,49,New York
469,Employee_369,IT,Manager,49,San Francisco
470,Employee_370,Marketing,Manager,42,Chicago
471,Employee_371,Marketing,Coordinator,32,New York
472,Employee_372,Finance,Analyst,38,New York
473,Employee_373,Marketing,Manager,56,Chicago
474,Employee_374,HR,Manager,57,New York
475,Employee_375,Marketing,Coordinator,47,Los Angeles
476,Employee_376,Marketing,Coordinator,39,Chicago
477,Employee_377,HR,Developer,57,Chicago
478,Employee_378,Finance,Manager,49,Chicago
479,Employee_379,HR,Developer,41,Los Angeles
480,Employee_380,Marketing,Coordinator,57,Chicago
481,Employee_381,Finance,Coordinator,26,Los Angeles
482,Employee_382,Marketing,Analyst,38,Chicago
483,Employee_383,HR,Manager,30,San Francisco
484,Employee_384,HR,Developer,30,New York
485,Employee_385,Marketing,Coordinator,27,San Francisco
486,Employee_386,IT,Coordinator,31,New York
487,Employee_387,IT,Developer,32,Los Angeles
488,Employee_388,HR,Analyst,39,San Francisco
489,Employee_389,HR,Coordinator,53,Chicago
490,Employee_390,IT,Manager,57,New York
491,Employee_391,IT,Coordinator,54,New York
492,Employee_392,Marketing,Manager,51,San Francisco
493,Employee_393,Marketing,Developer,53,Los Angeles
494,Employee_394,IT,Manager,57,San Francisco
495,Employee_395,Marketing,Developer,51,Los Angeles
496,Employee_396,Marketing,Manager,57,Los Angeles
497,Employee_397,Finance,Developer,28,New York
498,Employee_398,Marketing,Manager,46,San Francisco
499,Employee_399,HR,Analyst,26,San Francisco
500,Employee_400,Marketing,Manager,34,Los Angeles
501,Employee_401,Marketing,Manager,29,San Francisco
502,Employee_402,IT,Analyst,34,Chicago
